model_id,name,generation,sortino,calmar,cvar95,max_dd,cost,turnover,score,passed
M1,Trend + cílení volatility,1,-2.634048334810577,-0.5432398388034756,0.00174433105990564,0.04726429743021987,7.849702380952381e-05,0.07849702380952381,-0.870264891121883,False
M5,Meta ansámbl,1,-3.353997878669083,-0.5419591568891486,0.0019034816748491649,0.06469503059372372,7.553210041572636e-05,0.07553210041572636,-1.07380047277085,False
M2,Průřezové momentum + carry,1,-4.588420795625271,-0.5534704171765283,0.0019106782374043317,0.08463330667788826,0.00010379464285714286,0.10379464285714286,-1.4270278504644065,False
M4,On-chain + sentimentní vrstva,1,-8.316106842345219,-0.5524847012119555,0.0009627330254948327,0.0681368458691961,0.00011794496656715244,0.11794496656715243,-2.4692163923115973,False
M3,Swing návrat k průměru,1,-8.312680343492943,-0.561039483352112,0.001926521432399457,0.14354207102965544,0.00022596617680397147,0.22596617680397146,-2.4895217370794707,False
