model_id,name,generation,sortino,calmar,cvar95,max_dd,cost,turnover,score,passed
M7,Potomek B (mutované momentum),9,-1.6445305938108847,-0.41135098334631104,0.0003431349425584171,0.007894396065883713,1.0416666666666666e-05,0.010416666666666666,-0.5529671373421206,False
M7,Potomek B (mutované momentum),10,-1.6445305938108847,-0.41135098334631104,0.0003431349425584171,0.007894396065883713,1.0416666666666666e-05,0.010416666666666666,-0.5529671373421206,False
M7,Potomek B (mutované momentum),11,-1.6445305938108847,-0.41135098334631104,0.0003431349425584171,0.007894396065883713,1.0416666666666666e-05,0.010416666666666666,-0.5529671373421206,False
M8,Potomek C (mutovaný meta model),11,-2.112802340791848,-0.3870639145037607,0.00032786017428085355,0.009903004676080296,1.1342592592592593e-05,0.011342592592592593,-0.6790926937652333,False
M6,Potomek A (mutovaný trend),11,-2.378889815895166,-0.4166039015823637,0.00032536928289279653,0.010570620090446625,1.1574074074074073e-05,0.011574074074074073,-0.7602075434156831,False
M10,Stabilizační kotva overlay,11,-2.5707720849930116,-0.40313639264588724,0.0002295897276565737,0.00860155292779774,5.960648148148149e-06,0.005960648148148149,-0.8102291816576752,False
M9,Stabilizační kotva MR,11,-3.8603546600640497,-0.41919451634501026,0.0003797108395882935,0.01916017493190647,1.2152777777777779e-05,0.012152777777777778,-1.176846308355429,False
