model_id,name,generation,sortino,calmar,cvar95,max_dd,cost,turnover,score,passed
M10,Stabilizační kotva overlay,2,-0.8045282645864853,-0.2373392726331911,0.0002518478754142636,0.004934062504436287,6.886574074074075e-06,0.0068865740740740745,-0.27877027001504695,False
SC_M4,Scalp | On-chain + sentimentní vrstva,1,-1.6284710942456087,-0.41343100493115337,0.00027756990583226393,0.0063032260670063955,6.13425925925926e-06,0.00613425925925926,-0.5483504958727216,False
SC_M2,Scalp | Průřezové momentum + carry,1,-1.6445305938108847,-0.41135098334631104,0.0003431349425584171,0.007894396065883713,1.0416666666666666e-05,0.010416666666666666,-0.5529671373421206,False
M7,Potomek B (mutované momentum),2,-1.6445305938108847,-0.41135098334631104,0.0003431349425584171,0.007894396065883713,1.0416666666666666e-05,0.010416666666666666,-0.5529671373421206,False
M6,Potomek A (mutovaný trend),2,-2.378889815895166,-0.4166039015823637,0.00032536928289279653,0.010570620090446625,1.1574074074074073e-05,0.011574074074074073,-0.7602075434156831,False
M8,Potomek C (mutovaný meta model),2,-2.5908652360758873,-0.3976882786886497,0.0003456538415912845,0.012484213090594998,1.1689814814814817e-05,0.011689814814814816,-0.8156800491035878,False
M9,Stabilizační kotva MR,2,-3.8614793546376425,-0.4234577315559058,0.0003771460370351455,0.01888789981737571,1.2037037037037037e-05,0.012037037037037037,-1.1780512791686046,False
