model_id,name,generation,sortino,calmar,cvar95,max_dd,cost,turnover,score,passed
M2,Průřezové momentum + carry,1,5.6692383282532814,9.900997767579643,0.010356720285881348,0.038706669481692435,7.196734168563814e-05,0.07196734168563813,3.7525585133305253,True
M1,Trend + cílení volatility,1,4.462984659779873,8.549310371395883,0.008726315784111073,0.028704947783809942,5.664638596288492e-05,0.05664638596288492,3.1203571813989583,True
M5,Meta ansámbl,1,2.3440280061191543,3.4145691472522732,0.007141745852649758,0.029179215715158136,6.905275347735202e-05,0.06905275347735201,1.3966313241017283,True
M3,Swing návrat k průměru,1,-0.11170760279156734,-0.29148980740494884,0.014741821427929376,0.03671788855970093,0.00011980671640781783,0.11980671640781783,-0.11279643665037924,False
M4,On-chain + sentimentní vrstva,1,-1.3009835092629143,-2.186517698348789,0.003913762577840629,0.014935272394376531,1.9560772836427557e-05,0.019560772836427556,-0.8496715095337714,False
