model_id,name,generation,sortino,calmar,cvar95,max_dd,cost,turnover,score,passed
M5,Meta ansámbl,1,-8.506721393498879,-1.2128001091451042,0.0007260187008961586,0.027246779079776462,7.250637457150939e-05,0.0725063745715094,-2.658451007232117,False
M2,Průřezové momentum + carry,1,-9.515788411521967,-1.242780441032735,0.0008160358706745658,0.03229291779151211,0.00010260595450059512,0.10260595450059512,-2.9507190841563835,False
M1,Trend + cílení volatility,1,-9.918648632662993,-1.2638529736569821,0.0009042949176971443,0.03603737144165442,9.213980532967553e-05,0.09213980532967553,-3.067857674844099,False
M3,Swing návrat k průměru,1,-22.565603783945384,-1.2599863939919067,0.0008655202655645015,0.06541818006601019,0.00023054206048766634,0.23054206048766634,-6.623346824085035,False
M4,On-chain + sentimentní vrstva,1,-24.81649839910876,-1.2569480778021926,0.0005218301134643882,0.04063429919647965,0.00013639620713441764,0.13639620713441764,-7.241856196366333,False
